{"cameraMode":{"drawMode":0,"name":"Shaded","section":"Shading Mode"},"sceneLighting":false,"audioPlay":false,"sceneViewState":{"m_AlwaysRefresh":false,"showFog":true,"showSkybox":false,"showFlares":true,"showImageEffects":true,"showParticleSystems":true,"showVisualEffectGraphs":true,"m_FxEnabled":true},"in2DMode":false,"pivot":{"x":-1.3379095792770386,"y":11.719865798950196,"z":0.5409736037254334},"rotation":{"x":0.11092617362737656,"y":0.8207815289497376,"z":-0.1705712378025055,"w":0.5337837338447571},"size":2.1856913566589357,"orthographic":false}